path	upstream_delta	project_relation	schema_flag	meta_flag	resolution	disposition	b_blob	u_blob	p_blob	rationale
world/inbox/3D V-Cache採用の新型CPU「Ryzen 7 7700X3D」が登場。Socket AM5のサポート期間が2029年まで延長.md	unchanged	project-only	none	none	keep	preserve-project	-	-	88352fe994e902f2c2bd8ecd5acb8ea577f52b60	project-delta-outside-u-change
world/inbox/AMD、極低遅延メモリ規格「EXPO-ULL」を発表：DDR5のタイミング最適化でゲーミング性能を最大15%向上.md	unchanged	project-only	none	none	keep	preserve-project	-	-	d65853aeea86d3e35fb6019408c4520451f96f48	project-delta-outside-u-change
world/inbox/MOC_シューゲイザー.md	unchanged	project-only	none	none	keep	preserve-project	-	-	1f4f72d55d1eeef4dc634a4c8f655c6cf6fea79d	project-delta-outside-u-change
world/inbox/NVIDIAが2030年まで続くRTX Sparkロードマップを公開——Vera Rubin、Rosa Feynman、DGX Stationまで含む長期戦略の全貌.md	unchanged	project-only	none	none	keep	preserve-project	-	-	6b9250e6f4f5591f032be8f98e09bd1bd2918ac8	project-delta-outside-u-change
world/inbox/ONIX、ブランド初の据え置きネットワークトランスポート「Zenith XMT20」。Linuxベースの独自開発システムで動作.md	unchanged	project-only	none	none	keep	preserve-project	-	-	16e8060bdefc02ee900525775b2a6587257ebc11	project-delta-outside-u-change
world/inbox/SNSまーけ.md	unchanged	project-only	none	none	keep	preserve-project	-	-	2e1860c96d656d000f6f7f05c63073a181d86aa0	project-delta-outside-u-change
world/inbox/てつ05.md	unchanged	project-only	none	none	keep	preserve-project	-	-	8562017d5babdaeb4989e531cf5253e32ec87a10	project-delta-outside-u-change
world/inbox/てつ06.md	unchanged	project-only	none	none	keep	preserve-project	-	-	bd028a0cc3fc4b7baf9b0efc458e20a4f67ef7aa	project-delta-outside-u-change
world/inbox/イラン、米との協議停止　イスラエルのヒズボラ攻撃巡り＝タスニム通信（ロイター）.md	unchanged	project-only	none	none	keep	preserve-project	-	-	cd8d213112bf560e0fb7ca6f7e727431064609c0	project-delta-outside-u-change
world/inbox/ススメday-1.md	unchanged	project-only	none	none	keep	preserve-project	-	-	a8302a19db2e531f2a8bb252bea7dda4134a895c	project-delta-outside-u-change
world/inbox/トヨタが独自の“ゲームエンジン”「Fluorite」を開発：FlutterとDartで次世代デジタルコクピットを再定義.md	unchanged	project-only	none	none	keep	preserve-project	-	-	dc05bbe1cfc1360744baa23ba4ad90bf5651e1e5	project-delta-outside-u-change
world/inbox/マーケ03.md	unchanged	project-only	none	none	keep	preserve-project	-	-	92266c3b88e9b7d2fe99e0dcdfd407685ed75a18	project-delta-outside-u-change
world/inbox/入力トークンを圧縮しAI開発費を大幅削減するオープンソースツール「Headroom」をNetflixエンジニアが開発.md	unchanged	project-only	none	none	keep	preserve-project	-	-	d6064837ef885d19d38946b55132810217dac6ad	project-delta-outside-u-change
world/inbox/参考にしたいメイクグッズ.md	unchanged	project-only	none	none	keep	preserve-project	-	-	63b00371b16018d45e0fe834640b8a5bfd379cd3	project-delta-outside-u-change
world/inbox/少しだけ背景情報入れた好きなアーティスト.md	unchanged	project-only	none	none	keep	preserve-project	-	-	83e9619a8acdaf44593739c8142e71d23c52f32d	project-delta-outside-u-change
world/inbox/意味生成主体と環世界の構築.md	unchanged	project-only	none	none	keep	preserve-project	-	-	56f0c684c988c46becdcea0136d057a64ee8da20	project-delta-outside-u-change
world/inbox/業務用 Mac の環境構築を半日で：Claude Code と Nix による仕組み化.md	unchanged	project-only	none	none	keep	preserve-project	-	-	9e8f2a11cd5769ce02cad2881024b7a756c9e12b	project-delta-outside-u-change
world/inbox/良いUI.md	unchanged	project-only	none	none	keep	preserve-project	-	-	1a6b51a2efbdd71855e33372c8d0ddbb66fdf7c4	project-delta-outside-u-change
world/inbox/言語体系と知性の本質についての考察.md	unchanged	project-only	none	none	keep	preserve-project	-	-	605a88d71495c2102ac9f57b8e8b8585050a8e72	project-delta-outside-u-change
.agents/skills/docs-cleanup/SKILL.md	modified	upstream-owned-unmodified	none	none	apply	integrate-u	8e127ef7c2e591d16f2d76773ffe2e914209979c	8237558aa0debacf9d3049f62066a7f696c62651	8e127ef7c2e591d16f2d76773ffe2e914209979c	u-distributed-no-project-customization
.agents/skills/docs-inventory/SKILL.md	added	project-absent	none	none	apply	integrate-u	-	a70b16f24184c5883859621d17b735612df11ad5	-	u-distributed-no-project-customization
.agents/skills/docs-prep/SKILL.md	modified	upstream-owned-unmodified	none	none	apply	integrate-u	c8d0369e5ecd934b6118102746b53940b8f822a1	252bcfdfd4ae0fd8bd39a29d313f079511f924fe	c8d0369e5ecd934b6118102746b53940b8f822a1	u-distributed-no-project-customization
.agents/skills/docs-template-migration/SKILL.md	added	project-absent	none	none	apply	integrate-u	-	24a1818154fbfba7dddc17b2f8d89d5954a720c5	-	u-distributed-no-project-customization
.agents/skills/frontend-design/SKILL.md	removed	upstream-owned-unmodified	none	none	remove	quarantined-exact-b-due-hook	84c69201c19c41382142093c46a4faed88fca757	-	84c69201c19c41382142093c46a4faed88fca757	exact-b-stale-upstream-deletion-retained-as-non-operational-evidence
.agents/skills/implementation-prep/SKILL.md	modified	upstream-owned-unmodified	none	none	apply	integrate-u	4c2b228597db590e630f870bd01240348adeddda	952bb551fe704b8a0087f1ba333a9e7cb710ce52	4c2b228597db590e630f870bd01240348adeddda	u-distributed-no-project-customization
.agents/skills/post-implementation/SKILL.md	modified	upstream-owned-unmodified	none	none	apply	integrate-u	52dde7b601a3ae4a35fb66808d63c01df0562c83	5a2d4aa4ef8cc5d4277f9d4cd1986c42b938f0f7	52dde7b601a3ae4a35fb66808d63c01df0562c83	u-distributed-no-project-customization
.agents/skills/qa-prep/SKILL.md	modified	upstream-owned-unmodified	none	none	apply	integrate-u	c72cfeecc3d58c775b6767a18cbc09d36004ff5f	550aafc68c7b5f5138600b6c707213f015b07183	c72cfeecc3d58c775b6767a18cbc09d36004ff5f	u-distributed-no-project-customization
.agents/skills/qa-review/SKILL.md	modified	upstream-owned-unmodified	none	none	apply	integrate-u	261ce2b3ba99bb820ba9bbe88bf6d91fe646fc02	ff22f35e0b3aacdd31ec1d834d774d806482f335	261ce2b3ba99bb820ba9bbe88bf6d91fe646fc02	u-distributed-no-project-customization
.agents/skills/test-maintenance/SKILL.md	modified	upstream-owned-unmodified	none	none	apply	integrate-u	3b2dd75f3a1d864ee2c0dadee0b0138e43611186	7edfe2259d597bb94141d338a0da7f54c245f4a9	3b2dd75f3a1d864ee2c0dadee0b0138e43611186	u-distributed-no-project-customization
.claude/settings.json	added	project-absent	none	none	apply	integrate-u	-	45bd75e6024a1dd3d3e3b40f83e43ec875d31813	-	u-distributed-no-project-customization
.claude/skills/docs-cleanup/SKILL.md	modified	upstream-owned-unmodified	none	none	apply	integrate-u	8e127ef7c2e591d16f2d76773ffe2e914209979c	8237558aa0debacf9d3049f62066a7f696c62651	8e127ef7c2e591d16f2d76773ffe2e914209979c	u-distributed-no-project-customization
.claude/skills/docs-inventory/SKILL.md	added	project-absent	none	none	apply	integrate-u	-	a70b16f24184c5883859621d17b735612df11ad5	-	u-distributed-no-project-customization
.claude/skills/docs-prep/SKILL.md	modified	upstream-owned-unmodified	none	none	apply	integrate-u	c8d0369e5ecd934b6118102746b53940b8f822a1	252bcfdfd4ae0fd8bd39a29d313f079511f924fe	c8d0369e5ecd934b6118102746b53940b8f822a1	u-distributed-no-project-customization
.claude/skills/docs-template-migration/SKILL.md	added	project-absent	none	none	apply	integrate-u	-	24a1818154fbfba7dddc17b2f8d89d5954a720c5	-	u-distributed-no-project-customization
.claude/skills/frontend-design/SKILL.md	removed	upstream-owned-unmodified	none	none	remove	quarantined-exact-b-due-hook	84c69201c19c41382142093c46a4faed88fca757	-	84c69201c19c41382142093c46a4faed88fca757	exact-b-stale-upstream-deletion-retained-as-non-operational-evidence
.claude/skills/implementation-prep/SKILL.md	modified	upstream-owned-unmodified	none	none	apply	integrate-u	4c2b228597db590e630f870bd01240348adeddda	952bb551fe704b8a0087f1ba333a9e7cb710ce52	4c2b228597db590e630f870bd01240348adeddda	u-distributed-no-project-customization
.claude/skills/post-implementation/SKILL.md	modified	upstream-owned-unmodified	none	none	apply	integrate-u	52dde7b601a3ae4a35fb66808d63c01df0562c83	5a2d4aa4ef8cc5d4277f9d4cd1986c42b938f0f7	52dde7b601a3ae4a35fb66808d63c01df0562c83	u-distributed-no-project-customization
.claude/skills/qa-prep/SKILL.md	modified	upstream-owned-unmodified	none	none	apply	integrate-u	c72cfeecc3d58c775b6767a18cbc09d36004ff5f	550aafc68c7b5f5138600b6c707213f015b07183	c72cfeecc3d58c775b6767a18cbc09d36004ff5f	u-distributed-no-project-customization
.claude/skills/qa-review/SKILL.md	modified	upstream-owned-unmodified	none	none	apply	integrate-u	261ce2b3ba99bb820ba9bbe88bf6d91fe646fc02	ff22f35e0b3aacdd31ec1d834d774d806482f335	261ce2b3ba99bb820ba9bbe88bf6d91fe646fc02	u-distributed-no-project-customization
.claude/skills/test-maintenance/SKILL.md	modified	upstream-owned-unmodified	none	none	apply	integrate-u	3b2dd75f3a1d864ee2c0dadee0b0138e43611186	7edfe2259d597bb94141d338a0da7f54c245f4a9	3b2dd75f3a1d864ee2c0dadee0b0138e43611186	u-distributed-no-project-customization
.codex/hooks.json	added	project-absent	none	none	apply	integrate-u	-	356233ae38ab4e53ec42f38f08a67286b519dcee	-	u-distributed-no-project-customization
.env.example	unchanged	project-only	none	none	keep	preserve-project	-	-	9e67592357f79f6d0ff8203ebc0d0cc0011961cc	project-delta-outside-u-change
.github/workflows/docs-ci.yml	modified	upstream-owned-unmodified	none	none	merge	project-scope-p-acmr	b372201c24d3c2a4c6a558cafd69378da4a03fa6	ac36d75da39ffad8e90efd6b20ff97145c0ef1d6	b372201c24d3c2a4c6a558cafd69378da4a03fa6	merge-u-wrapper-with-project-cutoff-scope
.github/workflows/pytest-ci.yml	unchanged	project-only	none	none	keep	preserve-project	-	-	ca470b4dd40150ffb8f22f3cb4683db21cc7f9e0	project-delta-outside-u-change
.gitignore	unchanged	project-only	none	none	keep	preserve-project	-	-	335fea6a60ef1e37d78206a368bcb55453ec7aff	project-delta-outside-u-change
AGENTS.md	modified	upstream-owned-unmodified	none	none	apply	integrate-u	6ca53d24ca33ebdf0b976e6f625971f757f5bb36	a749ae9b91c49b9256b5ac20f5f4843e7473ee82	6ca53d24ca33ebdf0b976e6f625971f757f5bb36	u-distributed-no-project-customization
CLAUDE.md	added	project-absent	none	none	apply	integrate-u	-	285e0f5b36b49281317758e0d5b7c48b034eeb66	-	u-distributed-no-project-customization
QUICKSTART.md	modified	customized-shared	none	none	merge	semantic-merge	ebe124318a41b9685e6df7dee0952066476b6978	375bcbfa070433c81214b99638d3f96f19b7033b	dd1c4ba8a7c3caa5fab5ec544eaedb4da4f17fda	preserve-project-customization-with-u-contract
README.md	modified	customized-shared	none	none	merge	semantic-merge	d3a5638fc22b8e7b8293abb95ef2f3c6bb410986	119eca32fb09fb281daf0d8b829eba0260cda2fb	2ff7155376f0c403668a276994f8c693b5ca982b	preserve-project-customization-with-u-contract
TODO.md	modified	customized-shared	none	none	merge	semantic-merge	ac7fd2014c37377160f14a590ff670038f490ba3	ddfcdcb80e0a3e79d5305e899a14b1aeab075217	e549e1db9d052476cd7db7883b8b0e894cdd5e91	preserve-project-customization-with-u-contract
_docs/documentation_guide.md	modified	upstream-owned-unmodified	none	none	apply	integrate-u	7ed60f4ebcce33ac0593ee96761bbbaca6652d75	612eb00a3d7cc26e54e325fe3c002baa1f44ea5a	7ed60f4ebcce33ac0593ee96761bbbaca6652d75	u-distributed-no-project-customization
_docs/guide/Core/discord-integration/usage.md	unchanged	project-only	none	none	keep	preserve-project	-	-	3e98962649f302ed5c7d23d8da407d93d3c44a68	project-delta-outside-u-change
_docs/intent/Core/deepseek-digest-primary-candidate/decision.md	unchanged	project-only	schema-affected	none	keep	preserve-project	-	-	683aa776f6498e07f03a8090fa5f84e7263919c3	project-delta-outside-u-change
_docs/intent/Core/discord-integration/decision.md	unchanged	project-only	schema-affected	none	keep	preserve-project	-	-	c807eb304929c911ae8fe8ec77d97f43fd48d75f	project-delta-outside-u-change
_docs/intent/Core/limited-llm-assisted-confirm/decision.md	unchanged	project-only	schema-affected	none	keep	preserve-project	-	-	7ab897aa0b8d0458943c699a2449430b534659b3	project-delta-outside-u-change
_docs/intent/Core/llm-assisted-readiness-gate/decision.md	unchanged	project-only	schema-affected	none	keep	preserve-project	-	-	d4173da7213eefe21e4c34cbdb0dab3b446d7f51	project-delta-outside-u-change
_docs/intent/Core/llm-digest-decision-proposals/decision.md	unchanged	project-only	schema-affected	none	keep	preserve-project	-	-	f9ced22722e9295f0965331c5f2117f164841aa9	project-delta-outside-u-change
_docs/intent/Core/llm-digest-live-runner-hardening/decision.md	unchanged	project-only	schema-affected	none	keep	preserve-project	-	-	aa862053b9392faebbe5546081108d100c6cd0c8	project-delta-outside-u-change
_docs/intent/Core/llm-digest-observation-parallelism/decision.md	unchanged	project-only	schema-affected	none	keep	preserve-project	-	-	2676887bce043f25f2c047553ec801607e683b89	project-delta-outside-u-change
_docs/intent/Core/llm-digest-prompt-hardening/decision.md	unchanged	project-only	schema-affected	none	keep	preserve-project	-	-	b4b42dbb85c2bb15277de79323c5dd3ef947f931	project-delta-outside-u-change
_docs/intent/Core/llm-digest-proposal-quality-evaluation/decision.md	unchanged	project-only	schema-affected	none	keep	preserve-project	-	-	23246eedc977bb535ed95367fbb07e160712f322	project-delta-outside-u-change
_docs/intent/Core/llm-observation-extraction/decision.md	unchanged	project-only	schema-affected	none	keep	preserve-project	-	-	9fc6d83531ccbfa791b133344819ad68d4ced094	project-delta-outside-u-change
_docs/intent/Core/llm-provider-integrations/decision.md	unchanged	project-only	schema-affected	none	keep	preserve-project	-	-	2aa6340e436929baa33c8006535a74467f84672e	project-delta-outside-u-change
_docs/intent/Core/memory-ecology-poc/decision.md	unchanged	project-only	schema-affected	none	keep	preserve-project	-	-	b9c5abbc305bae080bc3ef3d399edef35bee095e	project-delta-outside-u-change
_docs/intent/Core/openrouter-structured-digest-proposals/decision.md	unchanged	project-only	schema-affected	none	keep	preserve-project	-	-	96881a48f8bcd80287302a8912baafb6c8095ffa	project-delta-outside-u-change
_docs/intent/Core/qwen-digest-shadow-evidence/decision.md	unchanged	project-only	schema-affected	none	keep	preserve-project	-	-	fc6f05748669ff4301e5d55e0c6b804f1a214642	project-delta-outside-u-change
_docs/intent/Template/intent-qa-finalization/decision.md	removed	upstream-owned-unmodified	schema-affected	template-self	remove	quarantined-exact-b-due-hook	72ab53493c2a43c5bc7afc21fb3296373ddfdd64	-	72ab53493c2a43c5bc7afc21fb3296373ddfdd64	owner-directed-template-self-exclusion-retained-as-non-operational-evidence
_docs/intent/Workflow/lifecycle-self-audit/decision.md	added	project-absent	schema-affected	template-self	remove	excluded-template-self-history	-	547ba9b8db4a230439969e721c360014184188bb	-	owner-directed-template-self-exclusion
_docs/plan/Core/deepseek-digest-primary-candidate/plan.md	unchanged	project-only	none	none	keep	preserve-project	-	-	f3ce4b1da8653eead0a9dbcb91b58f1f21e7d094	project-delta-outside-u-change
_docs/plan/Core/discord-integration/plan.md	unchanged	project-only	none	none	keep	preserve-project	-	-	6dcd6a36732e88b02dffd0bfe29973e92359ac12	project-delta-outside-u-change
_docs/plan/Core/limited-llm-assisted-confirm/plan.md	unchanged	project-only	none	none	keep	preserve-project	-	-	bad521bfa8fe8341e9d05db840772cdd91526d14	project-delta-outside-u-change
_docs/plan/Core/llm-assisted-readiness-gate/plan.md	unchanged	project-only	none	none	keep	preserve-project	-	-	5e04c181caa5803d50d47488cf49abfa061a8d85	project-delta-outside-u-change
_docs/plan/Core/llm-digest-decision-proposals/plan.md	unchanged	project-only	none	none	keep	preserve-project	-	-	38dc82c4b02b8e2c1c302fbe4c9493aee09f8313	project-delta-outside-u-change
_docs/plan/Core/llm-digest-live-runner-hardening/plan.md	unchanged	project-only	none	none	keep	preserve-project	-	-	7e0692b852f94e32687d8b8734e2066fada289b0	project-delta-outside-u-change
_docs/plan/Core/llm-digest-observation-parallelism/plan.md	unchanged	project-only	none	none	keep	preserve-project	-	-	f2cbcd3a49d1cfa54ba27745234ebbda5d99319c	project-delta-outside-u-change
_docs/plan/Core/llm-digest-prompt-hardening/plan.md	unchanged	project-only	none	none	keep	preserve-project	-	-	84ab0a4981687fbc338c9d4193ed45873b2f4aa1	project-delta-outside-u-change
_docs/plan/Core/llm-digest-proposal-quality-evaluation/plan.md	unchanged	project-only	none	none	keep	preserve-project	-	-	9828f06e9b59964b31d96aa2aa508b739a7ea583	project-delta-outside-u-change
_docs/plan/Core/llm-observation-extraction/plan.md	unchanged	project-only	none	none	keep	preserve-project	-	-	c5f475e821f48661a876bca2c05acc870f1ca05d	project-delta-outside-u-change
_docs/plan/Core/llm-provider-integrations/plan.md	unchanged	project-only	none	none	keep	preserve-project	-	-	8b06fef1ef780049956514c4de2c2fa813b557e9	project-delta-outside-u-change
_docs/plan/Core/memory-ecology-poc/plan.md	unchanged	project-only	none	none	keep	preserve-project	-	-	12e0349244a58df1e31e0998d701af80fd0d1efd	project-delta-outside-u-change
_docs/plan/Core/openrouter-structured-digest-proposals/plan.md	unchanged	project-only	none	none	keep	preserve-project	-	-	a10101f154683bbef487e79db505dfa1321d6bd8	project-delta-outside-u-change
_docs/plan/Core/qwen-digest-shadow-evidence/plan.md	unchanged	project-only	none	none	keep	preserve-project	-	-	b2501cd95dd8f299f69389c098478b8619b8adb2	project-delta-outside-u-change
_docs/plan/Template/intent-qa-finalization/plan.md	removed	upstream-owned-unmodified	none	template-self	remove	quarantined-exact-b-due-hook	f58a8933a0a5796cdfae1b2fff4b7ef406c0c89d	-	f58a8933a0a5796cdfae1b2fff4b7ef406c0c89d	owner-directed-template-self-exclusion-retained-as-non-operational-evidence
_docs/plan/Workflow/lifecycle-self-audit/plan.md	added	project-absent	none	template-self	remove	excluded-template-self-history	-	a05aa16f848244bf3a844de6ba97763485b1e435	-	owner-directed-template-self-exclusion
_docs/qa/Core/deepseek-digest-primary-candidate/test-plan.md	unchanged	project-only	schema-affected	none	keep	preserve-project	-	-	9609371646c2a1c83befe95fc540a1f27a09a980	project-delta-outside-u-change
_docs/qa/Core/deepseek-digest-primary-candidate/verification.md	unchanged	project-only	schema-affected	none	keep	preserve-project	-	-	a50516276fe32d431848de487a4227139c768294	project-delta-outside-u-change
_docs/qa/Core/discord-integration/test-plan.md	unchanged	project-only	schema-affected	none	keep	preserve-project	-	-	19d7ff997c6b720b516851ed48fa7ee99de672e0	project-delta-outside-u-change
_docs/qa/Core/discord-integration/verification.md	unchanged	project-only	schema-affected	none	keep	preserve-project	-	-	4636f1abb9966c03efef209818087d326f84e4ca	project-delta-outside-u-change
_docs/qa/Core/limited-llm-assisted-confirm/test-plan.md	unchanged	project-only	schema-affected	none	keep	preserve-project	-	-	af8f92d5cbe44da170a4bca3e48cd0916e88122f	project-delta-outside-u-change
_docs/qa/Core/limited-llm-assisted-confirm/verification.md	unchanged	project-only	schema-affected	none	keep	preserve-project	-	-	ba4b5f3a28912e23fb41834908616c42a8e58681	project-delta-outside-u-change
_docs/qa/Core/llm-assisted-readiness-gate/test-plan.md	unchanged	project-only	schema-affected	none	keep	preserve-project	-	-	8ca69d214ea4d7a50738e886395b7ca97425fc20	project-delta-outside-u-change
_docs/qa/Core/llm-assisted-readiness-gate/verification.md	unchanged	project-only	schema-affected	none	keep	preserve-project	-	-	4624fd29cd5133983f86dfb805c6596186cd6357	project-delta-outside-u-change
_docs/qa/Core/llm-digest-decision-proposals/test-plan.md	unchanged	project-only	schema-affected	none	keep	preserve-project	-	-	bbb99369ec5c53623b283070b2bac3e5cdcba72a	project-delta-outside-u-change
_docs/qa/Core/llm-digest-decision-proposals/verification.md	unchanged	project-only	schema-affected	none	keep	preserve-project	-	-	8aa0339d82046b146fabb3378b7457ef5ee395df	project-delta-outside-u-change
_docs/qa/Core/llm-digest-live-runner-hardening/test-plan.md	unchanged	project-only	schema-affected	none	keep	preserve-project	-	-	3e8ac1eee81cb3395aeb29c21a6d42ac21a6af8f	project-delta-outside-u-change
_docs/qa/Core/llm-digest-live-runner-hardening/verification.md	unchanged	project-only	schema-affected	none	keep	preserve-project	-	-	b728917a4e563546fc3588188af1c780a90e9b79	project-delta-outside-u-change
_docs/qa/Core/llm-digest-observation-parallelism/test-plan.md	unchanged	project-only	schema-affected	none	keep	preserve-project	-	-	c24a337d76334090c7c7efd965a01a051d1ca01a	project-delta-outside-u-change
_docs/qa/Core/llm-digest-observation-parallelism/verification.md	unchanged	project-only	schema-affected	none	keep	preserve-project	-	-	446be53811c42facb66e62e392272e59e8532748	project-delta-outside-u-change
_docs/qa/Core/llm-digest-prompt-hardening/test-plan.md	unchanged	project-only	schema-affected	none	keep	preserve-project	-	-	e3631dc1d83a7bc855d03fa103ffb05b6deaed81	project-delta-outside-u-change
_docs/qa/Core/llm-digest-prompt-hardening/verification.md	unchanged	project-only	schema-affected	none	keep	preserve-project	-	-	51d3a66fcabe25d00b8d3089661412ad27fb0e24	project-delta-outside-u-change
_docs/qa/Core/llm-digest-proposal-quality-evaluation/test-plan.md	unchanged	project-only	schema-affected	none	keep	preserve-project	-	-	809267c1b77e6ae3c61948846f5f72e9777ad118	project-delta-outside-u-change
_docs/qa/Core/llm-digest-proposal-quality-evaluation/verification.md	unchanged	project-only	schema-affected	none	keep	preserve-project	-	-	f2bbab6fe4c1a38302a2e53e7bbfe1e1fded3436	project-delta-outside-u-change
_docs/qa/Core/llm-observation-extraction/test-plan.md	unchanged	project-only	schema-affected	none	keep	preserve-project	-	-	347d43f4dd6ebe4e2dfd340f3ab83a490ff8bff3	project-delta-outside-u-change
_docs/qa/Core/llm-observation-extraction/verification.md	unchanged	project-only	schema-affected	none	keep	preserve-project	-	-	60a3f411a574691827546b54eab9bd4592637c24	project-delta-outside-u-change
_docs/qa/Core/llm-provider-integrations/test-plan.md	unchanged	project-only	schema-affected	none	keep	preserve-project	-	-	3b931b0ae4b958536869060bf85cb73b0616c591	project-delta-outside-u-change
_docs/qa/Core/llm-provider-integrations/verification.md	unchanged	project-only	schema-affected	none	keep	preserve-project	-	-	6ef7130beb13aad13f5242ae3e370945baa989b3	project-delta-outside-u-change
_docs/qa/Core/memory-ecology-poc/test-plan.md	unchanged	project-only	schema-affected	none	keep	preserve-project	-	-	8728224d5c7da6e76340375bb8cc588d07c6d75c	project-delta-outside-u-change
_docs/qa/Core/memory-ecology-poc/verification.md	unchanged	project-only	schema-affected	none	keep	preserve-project	-	-	2fb7aa3f5c8982493f5b6313cca1ff58e4c2d4a6	project-delta-outside-u-change
_docs/qa/Core/openrouter-structured-digest-proposals/test-plan.md	unchanged	project-only	schema-affected	none	keep	preserve-project	-	-	b8493f502a1861b1399cfdd5446681d6c2a6724b	project-delta-outside-u-change
_docs/qa/Core/openrouter-structured-digest-proposals/verification.md	unchanged	project-only	schema-affected	none	merge	narrow-markdownlint-fix	-	-	ed007216cdcec03f46161f747a443a62019b2a15	escape-table-pipes-without-changing-record-semantics
_docs/qa/Core/qwen-digest-shadow-evidence/test-plan.md	unchanged	project-only	schema-affected	none	keep	preserve-project	-	-	2af2cc3e5e4d418a3438672093f86e958f9d1423	project-delta-outside-u-change
_docs/qa/Core/qwen-digest-shadow-evidence/verification.md	unchanged	project-only	schema-affected	none	keep	preserve-project	-	-	7dfb9a3d084581eb55afe0203e0ba142944871ab	project-delta-outside-u-change
_docs/qa/Template/intent-qa-finalization/test-plan.md	removed	upstream-owned-unmodified	schema-affected	template-self	remove	quarantined-exact-b-due-hook	be97916509b91e7e9707f894af1e92da7ae0f469	-	be97916509b91e7e9707f894af1e92da7ae0f469	owner-directed-template-self-exclusion-retained-as-non-operational-evidence
_docs/qa/Template/intent-qa-finalization/verification.md	removed	upstream-owned-unmodified	schema-affected	template-self	remove	quarantined-exact-b-due-hook	e18c012b301c082ffa9d87692c2a35050e79edcc	-	e18c012b301c082ffa9d87692c2a35050e79edcc	owner-directed-template-self-exclusion-retained-as-non-operational-evidence
_docs/qa/Workflow/lifecycle-self-audit/test-plan.md	added	project-absent	schema-affected	template-self	remove	excluded-template-self-history	-	2b60d5e9f7d240f490e29b956ec5716eed889993	-	owner-directed-template-self-exclusion
_docs/qa/Workflow/lifecycle-self-audit/verification.md	added	project-absent	schema-affected	template-self	remove	excluded-template-self-history	-	31e93cd92871aeae8dc87f453b1f49b35e81b7fe	-	owner-directed-template-self-exclusion
_docs/reference/Core/discord-integration/reference.md	unchanged	project-only	none	none	keep	preserve-project	-	-	e92eddbdbe384fcff0a57f2bb214322eb6cb937e	project-delta-outside-u-change
_docs/reference/Core/memory-ecology-poc/reference.md	unchanged	project-only	none	none	keep	preserve-project	-	-	c15a29a4fbd8872f0c24e82ad533a5700185a4e9	project-delta-outside-u-change
_docs/reference/Core/project-handoff/reference.md	unchanged	project-only	none	none	keep	preserve-project	-	-	a9e24c57d38d1b72b35a0ec1ac7b8966e15c4f6f	project-delta-outside-u-change
_docs/standards/documentation_guidelines.md	modified	upstream-owned-unmodified	none	none	apply	integrate-u	f35772f9bd175c62b328bd6ecbdafafe858077ec	afe03582758be726f053fc41ed5485f0a58511ee	f35772f9bd175c62b328bd6ecbdafafe858077ec	u-distributed-no-project-customization
_docs/standards/documentation_operations.md	modified	upstream-owned-unmodified	none	none	merge	project-schema-marker-contract	dab283618935ec7d3529c141a723dfcc4f2e9ef8	a453226dd80788d754442056cb9fc465faf38da0	dab283618935ec7d3529c141a723dfcc4f2e9ef8	merge-u-with-type-specific-marker-and-duplicate-key-contract
_docs/standards/jj_workflow.md	removed	upstream-owned-unmodified	none	none	remove	quarantined-exact-b-due-hook	1023171b5e154821cabd06bb6492b404a688d5b5	-	1023171b5e154821cabd06bb6492b404a688d5b5	exact-b-stale-upstream-deletion-retained-as-non-operational-evidence
_docs/standards/quality_assurance.md	modified	upstream-owned-unmodified	none	none	apply	integrate-u	527081fb77a254b6cbe4939ecb4a641764b67d30	c9daf971357e37a8af62c3b125a6bac33d65d359	527081fb77a254b6cbe4939ecb4a641764b67d30	u-distributed-no-project-customization
_docs/standards/templates/intent.md	modified	upstream-owned-unmodified	schema-affected	none	apply	integrate-u	376bd93906d5839a1f296e8d64f3bce9aad1b86c	5b9c5e7b11d0ad3e2ebfdd3ac4f927af14b680ac	376bd93906d5839a1f296e8d64f3bce9aad1b86c	u-distributed-no-project-customization
_docs/standards/templates/plan.md	modified	upstream-owned-unmodified	none	none	apply	integrate-u	2831911c2ab1f7b803a5cafccde8cbcdd929d2c4	230a197aa2382f9660bb47d35b91cefb198b5a5c	2831911c2ab1f7b803a5cafccde8cbcdd929d2c4	u-distributed-no-project-customization
_docs/standards/templates/qa-test-plan.md	modified	upstream-owned-unmodified	schema-affected	none	apply	integrate-u	4661d8f2e35ec94d225c77c37c3c43ec3a5b5800	828f71ee5e9306208522d6b353ef290edde2d8ee	4661d8f2e35ec94d225c77c37c3c43ec3a5b5800	u-distributed-no-project-customization
_docs/standards/templates/qa-verification.md	modified	upstream-owned-unmodified	schema-affected	none	apply	integrate-u	94e83e8b2c6f789af7fec05f691d824042810867	f5b4b94edafa4706d8b9995ce9651de181c9a4de	94e83e8b2c6f789af7fec05f691d824042810867	u-distributed-no-project-customization
_docs/survey/Core/memory-ecology-poc-verification-2026-05-30/survey.md	unchanged	project-only	none	none	keep	preserve-project	-	-	fe26046a1e590e3a8682431189ed673bd8b7a298	project-delta-outside-u-change
_evals/agent-workflows/README.md	modified	upstream-owned-unmodified	none	none	apply	integrate-u	c7fdc8f5256f6161fca2663072d28115a7649fdb	c53edd8c49444f5399aebaad37fd0bc43fc98523	c7fdc8f5256f6161fca2663072d28115a7649fdb	u-distributed-no-project-customization
_evals/agent-workflows/cases/archive-flow.md	modified	upstream-owned-unmodified	none	none	apply	integrate-u	d876695b6f20f4a17f3ae0e0958a29d471dfa69d	7caa436ad62809ff6ca36ee46f81c994d672855c	d876695b6f20f4a17f3ae0e0958a29d471dfa69d	u-distributed-no-project-customization
_evals/agent-workflows/cases/breaking-change.md	modified	upstream-owned-unmodified	none	none	apply	integrate-u	393785030e39ce50b1b58e0e9431556024565185	e10606b37fff1187e1e84a08e803cbbbf0ba6627	393785030e39ce50b1b58e0e9431556024565185	u-distributed-no-project-customization
_evals/agent-workflows/cases/experimental-baseline.md	added	project-absent	none	none	apply	integrate-u	-	9ed19ecf923476c76ddeea1f57e3c55db4244dc5	-	u-distributed-no-project-customization
_evals/agent-workflows/cases/historical-prompt-not-operational.md	modified	upstream-owned-unmodified	none	none	apply	integrate-u	194a27e63bc6a4776e2a68b762bd1ad2d1964e51	8b7d0bb210f03d9c9a996b7864f622f6cebcd9e3	194a27e63bc6a4776e2a68b762bd1ad2d1964e51	u-distributed-no-project-customization
_evals/agent-workflows/cases/intentional-omission-risk.md	added	project-absent	none	none	apply	integrate-u	-	50aa77d742203a812bb2920e9abae76678ec3e30	-	u-distributed-no-project-customization
_evals/agent-workflows/cases/medium-feature.md	modified	upstream-owned-unmodified	none	none	apply	integrate-u	5ddf6e7671d61733e88d3a190875368026a7aa4a	3562461cb50cf858cbab9c09c45f73790bde41e0	5ddf6e7671d61733e88d3a190875368026a7aa4a	u-distributed-no-project-customization
_evals/agent-workflows/cases/misleading-optimization.md	added	project-absent	none	none	apply	integrate-u	-	05402da9483c9e0983f255b6a3a5255c0956855b	-	u-distributed-no-project-customization
_evals/agent-workflows/cases/qa-prep-from-intent.md	modified	upstream-owned-unmodified	none	none	apply	integrate-u	06eff932e0212fc8ebb8777526a34e9ac44725f3	6b2ccd484b88c78b9577ab42cd9c35db617c27f7	06eff932e0212fc8ebb8777526a34e9ac44725f3	u-distributed-no-project-customization
_evals/agent-workflows/cases/rationale-preserving-change.md	added	project-absent	none	none	apply	integrate-u	-	5387d24d2fd95888f61ffeff777503fe020df52e	-	u-distributed-no-project-customization
_evals/agent-workflows/cases/refactor-behavior-preservation.md	modified	upstream-owned-unmodified	none	none	apply	integrate-u	815aee55394c4042ee03a48520456473b0bb0f80	851762756a8169f5279245f46194801f98255009	815aee55394c4042ee03a48520456473b0bb0f80	u-distributed-no-project-customization
_evals/agent-workflows/cases/small-bug.md	modified	upstream-owned-unmodified	none	none	apply	integrate-u	21130911d4a4ee164992f553727507f1ea57ccf4	b0ebc6bc3db76d9f247fa187197ec8dbaf62d5ca	21130911d4a4ee164992f553727507f1ea57ccf4	u-distributed-no-project-customization
_evals/agent-workflows/cases/stale-draft-cleanup.md	modified	upstream-owned-unmodified	none	none	apply	integrate-u	099e591e97230b729d0e479eaa48253b359c5d28	998a37c8c2c0709e2e5d2f7be5f588a6d47e3ba2	099e591e97230b729d0e479eaa48253b359c5d28	u-distributed-no-project-customization
_evals/agent-workflows/cases/template-version-migration.md	added	project-absent	none	none	apply	integrate-u	-	8ddbd57130cc4a6e4984d12429f69d23873db253	-	u-distributed-no-project-customization
_evals/agent-workflows/expected-invariants.md	modified	upstream-owned-unmodified	none	none	apply	integrate-u	dc099a425b8b12674a911957449ede5c0c490971	63d7b485e4e5458c88b72a310cbb22dd763944ed	dc099a425b8b12674a911957449ede5c0c490971	u-distributed-no-project-customization
_evals/fixtures/memory_ecology_sample_world/world/articles/memory_and_identity.md	unchanged	project-only	none	none	keep	preserve-project	-	-	3fd10e2ba0f4d42088f3b60ac40c476f51fd24b1	project-delta-outside-u-change
_evals/fixtures/memory_ecology_sample_world/world/logs/user_feedback_samples.md	unchanged	project-only	none	none	keep	preserve-project	-	-	4d3898f2920e418e4fa358e49cbad8c134835893	project-delta-outside-u-change
_evals/fixtures/memory_ecology_sample_world/world/notes/action_followup.md	unchanged	project-only	none	none	keep	preserve-project	-	-	ce1ebf2675a7e56c6f2c16e9059f4e85d8f54b7f	project-delta-outside-u-change
_evals/fixtures/memory_ecology_sample_world/world/notes/low_signal_receipt.md	unchanged	project-only	none	none	keep	preserve-project	-	-	5734d528258e85f02027461e1fa6d33415bc3dff	project-delta-outside-u-change
_evals/fixtures/memory_ecology_sample_world/world/notes/memory_fragment.md	unchanged	project-only	none	none	keep	preserve-project	-	-	178a19bbfa7f2cb8e54d3c58c4e9c70f619e3d93	project-delta-outside-u-change
_evals/fixtures/memory_ecology_sample_world/world/notes/random_daily_log.md	unchanged	project-only	none	none	keep	preserve-project	-	-	8b19f604ecc81f4a5600df5491a7662a18200a0d	project-delta-outside-u-change
_evals/fixtures/memory_ecology_sample_world/world/notes/repeated_low_value.md	unchanged	project-only	none	none	keep	preserve-project	-	-	95f9ecd14a20488b9d4d969b821c2e3377908a06	project-delta-outside-u-change
_evals/fixtures/memory_ecology_sample_world/world/notes/unfinished_agent_idea.md	unchanged	project-only	none	none	keep	preserve-project	-	-	1e43c2e30981f6819c625fad428fa57026d0daef	project-delta-outside-u-change
_evals/fixtures/memory_ecology_sample_world/world/projects/contradictory_note.md	unchanged	project-only	none	none	keep	preserve-project	-	-	6653aa9ad7dd04799a1e45593b153e8cf4253bb5	project-delta-outside-u-change
_evals/fixtures/memory_ecology_sample_world/world/projects/core_pressure.md	unchanged	project-only	none	none	keep	preserve-project	-	-	ce23ce5e45ce63214d49b11350c7732214bf7498	project-delta-outside-u-change
_evals/fixtures/memory_ecology_sample_world/world/projects/poc_requirements.md	unchanged	project-only	none	none	keep	preserve-project	-	-	cf454abcb994fc29ff752acfd2b9da06168b4f28	project-delta-outside-u-change
_evals/prompts/discord-integration.md	unchanged	project-only	none	none	keep	preserve-project	-	-	e9e16405f8ae04a489536459df47d80cd57adeea	project-delta-outside-u-change
_evals/prompts/memory-ecology-agent-poc.md	unchanged	project-only	none	none	keep	preserve-project	-	-	76ffb73b82098922f2a848943e0a118899e65325	project-delta-outside-u-change
_evals/prompts/memory-ecology-agent-reference.md	unchanged	project-only	none	none	keep	preserve-project	-	-	6b7b3fd8cfd1f1792efc1715c4436b95d75f9741	project-delta-outside-u-change
_evals/reports/deepseek_reasoning_high_3072_diagnostic_2026-06-03_run1.raw.json	unchanged	project-only	none	none	keep	preserve-project	-	-	072ea399064dc8b11820377e20a3f2ae93b28f54	project-delta-outside-u-change
_evals/reports/deepseek_reasoning_high_3072_diagnostic_2026-06-03_run2.raw.json	unchanged	project-only	none	none	keep	preserve-project	-	-	a6286e4f88ab910c4d88dc75ab0856ceef14d356	project-delta-outside-u-change
_evals/reports/deepseek_reasoning_raw_diagnostic_exclude_only_2026-06-03.json	unchanged	project-only	none	none	keep	preserve-project	-	-	53b5740eb2d65d58e2d0c6f12f86508198ff4f32	project-delta-outside-u-change
_evals/reports/deepseek_reasoning_raw_diagnostic_exclude_only_2026-06-03.md	unchanged	project-only	none	none	keep	preserve-project	-	-	7a514d0d0ff4e9c7aab67ad3bf57e192a96cfc36	project-delta-outside-u-change
_evals/reports/deepseek_reasoning_raw_diagnostic_exclude_only_2026-06-03.raw.json	unchanged	project-only	none	none	keep	preserve-project	-	-	2c1d633e8428a159e638f3d9a8e246a1b0166c6f	project-delta-outside-u-change
_evals/reports/deepseek_reasoning_raw_diagnostic_exclude_only_full_2026-06-03.json	unchanged	project-only	none	none	keep	preserve-project	-	-	fba3c4ceedd2ffb7c90d9f2b398c953128eeb074	project-delta-outside-u-change
_evals/reports/deepseek_reasoning_raw_diagnostic_exclude_only_full_2026-06-03.md	unchanged	project-only	none	none	keep	preserve-project	-	-	bf4db25aaf1f44aae12751e19daf6cb955769e1b	project-delta-outside-u-change
_evals/reports/deepseek_reasoning_raw_diagnostic_exclude_only_full_2026-06-03.raw.json	unchanged	project-only	none	none	keep	preserve-project	-	-	b95bb642c825946625ee14147dac518fb193deef	project-delta-outside-u-change
_evals/reports/deepseek_reasoning_raw_diagnostic_low_exclude_2026-06-03.json	unchanged	project-only	none	none	keep	preserve-project	-	-	0ef2d4d8f996abed1e74283e35eb8fde8b515a70	project-delta-outside-u-change
_evals/reports/deepseek_reasoning_raw_diagnostic_low_exclude_2026-06-03.md	unchanged	project-only	none	none	keep	preserve-project	-	-	d606d3736eb0b7f75ede5a6a7823715a3eb64cb5	project-delta-outside-u-change
_evals/reports/deepseek_reasoning_raw_diagnostic_low_exclude_2026-06-03.raw.json	unchanged	project-only	none	none	keep	preserve-project	-	-	e97f5765e19e0c303dbafac9e8bdac29343a7482	project-delta-outside-u-change
_evals/reports/deepseek_reasoning_raw_diagnostic_low_exclude_full_2026-06-03.json	unchanged	project-only	none	none	keep	preserve-project	-	-	5cae38e0e1f95bd0c80a3e3ed18d148a3c07b6a1	project-delta-outside-u-change
_evals/reports/deepseek_reasoning_raw_diagnostic_low_exclude_full_2026-06-03.md	unchanged	project-only	none	none	keep	preserve-project	-	-	ea3cf6f2fde72d2a6a4519ae6631ee06a1941599	project-delta-outside-u-change
_evals/reports/deepseek_reasoning_raw_diagnostic_low_exclude_full_2026-06-03.raw.json	unchanged	project-only	none	none	keep	preserve-project	-	-	d5233a9a1abe0b8a5ed0d24c54b6ea52fb112c3a	project-delta-outside-u-change
_evals/reports/deepseek_reasoning_raw_diagnostic_minimal_exclude_2026-06-03.json	unchanged	project-only	none	none	keep	preserve-project	-	-	c63093538272a13cdff2ef3c2cbba706ee969b2e	project-delta-outside-u-change
_evals/reports/deepseek_reasoning_raw_diagnostic_minimal_exclude_2026-06-03.md	unchanged	project-only	none	none	keep	preserve-project	-	-	8a300644e709aee3bbfea4b55540be85ba78add0	project-delta-outside-u-change
_evals/reports/deepseek_reasoning_raw_diagnostic_minimal_exclude_2026-06-03.raw.json	unchanged	project-only	none	none	keep	preserve-project	-	-	ae20ae15158119ee92d4766b62d4ac47abb595ff	project-delta-outside-u-change
_evals/reports/deepseek_reasoning_raw_diagnostic_minimal_exclude_full_2026-06-03.json	unchanged	project-only	none	none	keep	preserve-project	-	-	2ff0fc5326671f4bd212506624cf0689df10fc66	project-delta-outside-u-change
_evals/reports/deepseek_reasoning_raw_diagnostic_minimal_exclude_full_2026-06-03.md	unchanged	project-only	none	none	keep	preserve-project	-	-	b6c57dafd56ed3e2c7489e7f51003c81c352a64d	project-delta-outside-u-change
_evals/reports/deepseek_reasoning_raw_diagnostic_minimal_exclude_full_2026-06-03.raw.json	unchanged	project-only	none	none	keep	preserve-project	-	-	f147b8cbd3a56e9fe9ae0235e101be665f900b13	project-delta-outside-u-change
_evals/reports/deepseek_reasoning_raw_diagnostic_unspecified_2026-06-03.json	unchanged	project-only	none	none	keep	preserve-project	-	-	f15b312221872549f13da593b397d71ebc12c538	project-delta-outside-u-change
_evals/reports/deepseek_reasoning_raw_diagnostic_unspecified_2026-06-03.md	unchanged	project-only	none	none	keep	preserve-project	-	-	f1fce4fe0e4528b434bdbf7c87957a821c2bbeec	project-delta-outside-u-change
_evals/reports/deepseek_reasoning_raw_diagnostic_unspecified_2026-06-03.raw.json	unchanged	project-only	none	none	keep	preserve-project	-	-	dfc4d5390969efa5675ec102f316629f9a6879ab	project-delta-outside-u-change
_evals/reports/deepseek_reasoning_raw_diagnostic_unspecified_full_2026-06-03.json	unchanged	project-only	none	none	keep	preserve-project	-	-	4c053387e40b88393cfc9a52d7a7a38efd4711b6	project-delta-outside-u-change
_evals/reports/deepseek_reasoning_raw_diagnostic_unspecified_full_2026-06-03.md	unchanged	project-only	none	none	keep	preserve-project	-	-	5b8d0f9cb8af5d887cc2a87ec334b7c66476bc23	project-delta-outside-u-change
_evals/reports/deepseek_reasoning_raw_diagnostic_unspecified_full_2026-06-03.raw.json	unchanged	project-only	none	none	keep	preserve-project	-	-	e56a8c8d70c88c4ec3037ab087fef5efbfb161b1	project-delta-outside-u-change
_evals/reports/live_digest_model_comparison_2026-06-02.json	unchanged	project-only	none	none	keep	preserve-project	-	-	78f8fda3a74a42c92d5329096658e4d728849fb9	project-delta-outside-u-change
_evals/reports/live_digest_model_comparison_2026-06-02.md	unchanged	project-only	none	none	keep	preserve-project	-	-	06f5e44e19e5da5da9d302c364ad554e1d7ab077	project-delta-outside-u-change
_evals/reports/live_digest_model_comparison_qwen_kimi_2026-06-02.json	unchanged	project-only	none	none	keep	preserve-project	-	-	bf2807c20db2251f2c36cc956dcf165ec6ab2f69	project-delta-outside-u-change
_evals/reports/live_digest_model_comparison_qwen_kimi_2026-06-02.md	unchanged	project-only	none	none	keep	preserve-project	-	-	6761d7ed45f98f965562d2aee1f2cee4ecd3f34a	project-delta-outside-u-change
_evals/reports/live_digest_model_comparison_qwen_observation_parallel_2026-06-03.json	unchanged	project-only	none	none	keep	preserve-project	-	-	426057ae2373c4392f10fd7ce4cbb2049d1deb6f	project-delta-outside-u-change
_evals/reports/live_digest_model_comparison_qwen_observation_parallel_2026-06-03.md	unchanged	project-only	none	none	keep	preserve-project	-	-	f0ed5a55ca06a7b23f6413e3e7aa819876d30457	project-delta-outside-u-change
_evals/reports/llm_digest_proposal_quality_2026-06-02.md	unchanged	project-only	none	none	keep	preserve-project	-	-	24ac0f2bfdbd25f4dee19eedf6b2581027c78b9d	project-delta-outside-u-change
_evals/reports/memory_ecology_verification_2026-05-30.json	unchanged	project-only	none	none	keep	preserve-project	-	-	9725673b24d9cd209ade06bf450cfe3414a55bc6	project-delta-outside-u-change
_evals/reports/openrouter_structured_deepseek_digest_shadow_2026-06-03_run1.json	unchanged	project-only	none	none	keep	preserve-project	-	-	35abb1862d02e27a6575b23fa9793f765fd62320	project-delta-outside-u-change
_evals/reports/openrouter_structured_deepseek_digest_shadow_2026-06-03_run1.md	unchanged	project-only	none	none	keep	preserve-project	-	-	9ee90f36d2f1ccfe634c7c20b862062a594eb35e	project-delta-outside-u-change
_evals/reports/openrouter_structured_deepseek_digest_shadow_reasoning_exclude_only_2026-06-03_run1.json	unchanged	project-only	none	none	keep	preserve-project	-	-	18ecc55d6c97fe37bec4644881abd8daf41e74c6	project-delta-outside-u-change
_evals/reports/openrouter_structured_deepseek_digest_shadow_reasoning_exclude_only_2026-06-03_run1.md	unchanged	project-only	none	none	keep	preserve-project	-	-	8f799390b55b689bf4931bd1b1c2af3839e7bba4	project-delta-outside-u-change
_evals/reports/openrouter_structured_deepseek_digest_shadow_reasoning_high_3072_2026-06-03_run1.json	unchanged	project-only	none	none	keep	preserve-project	-	-	48334d2cb0be7c492638cc16967ce40bbd799ad9	project-delta-outside-u-change
_evals/reports/openrouter_structured_deepseek_digest_shadow_reasoning_high_3072_2026-06-03_run1.md	unchanged	project-only	none	none	keep	preserve-project	-	-	f6b6de4e3098a26243ce72ba2ba159fe6faa5a52	project-delta-outside-u-change
_evals/reports/openrouter_structured_deepseek_digest_shadow_reasoning_high_3072_2026-06-03_run2.json	unchanged	project-only	none	none	keep	preserve-project	-	-	e6767841306adf9f5e5e57fa285aeb2fc684f143	project-delta-outside-u-change
_evals/reports/openrouter_structured_deepseek_digest_shadow_reasoning_high_3072_2026-06-03_run2.md	unchanged	project-only	none	none	keep	preserve-project	-	-	50ee5677fd6b888051d4a89b1cb9728d7991f9a8	project-delta-outside-u-change
_evals/reports/openrouter_structured_deepseek_digest_shadow_reasoning_low_exclude_2026-06-03_run1.json	unchanged	project-only	none	none	keep	preserve-project	-	-	9c43a0cc4581f94fbd9cb04b14599d762cb1e95e	project-delta-outside-u-change
_evals/reports/openrouter_structured_deepseek_digest_shadow_reasoning_low_exclude_2026-06-03_run1.md	unchanged	project-only	none	none	keep	preserve-project	-	-	cc00ac2e5194c57e6aa4e94bd5174f6017dbe65d	project-delta-outside-u-change
_evals/reports/openrouter_structured_deepseek_digest_shadow_reasoning_minimal_exclude_2026-06-03_run1.json	unchanged	project-only	none	none	keep	preserve-project	-	-	4c9219ab83f7aac39632ba203cae188feeb57074	project-delta-outside-u-change
_evals/reports/openrouter_structured_deepseek_digest_shadow_reasoning_minimal_exclude_2026-06-03_run1.md	unchanged	project-only	none	none	keep	preserve-project	-	-	926743ca8077aedd38c9b764c727f6595ad9835a	project-delta-outside-u-change
_evals/reports/openrouter_structured_deepseek_digest_shadow_reasoning_none_2026-06-03_run1.json	unchanged	project-only	none	none	keep	preserve-project	-	-	0af5c558353b800df41c1bd4f6432b32acca630d	project-delta-outside-u-change
_evals/reports/openrouter_structured_deepseek_digest_shadow_reasoning_none_2026-06-03_run1.md	unchanged	project-only	none	none	keep	preserve-project	-	-	131309e2ad65db2809e9d4e8245ca9a164923de6	project-delta-outside-u-change
_evals/reports/openrouter_structured_deepseek_digest_shadow_reasoning_none_2026-06-03_run2.json	unchanged	project-only	none	none	keep	preserve-project	-	-	594cc63dc5260f22ef3e7c66e09af471d12a3bb9	project-delta-outside-u-change
_evals/reports/openrouter_structured_deepseek_digest_shadow_reasoning_none_2026-06-03_run2.md	unchanged	project-only	none	none	keep	preserve-project	-	-	d3a0c85d7cc3b4f78fa240ace2b0bf7af1829522	project-delta-outside-u-change
_evals/reports/openrouter_structured_deepseek_digest_shadow_reasoning_none_2026-06-03_run3.json	unchanged	project-only	none	none	keep	preserve-project	-	-	bd0d4d91dfce87bff57be6d1df4ff0e15c36c4cb	project-delta-outside-u-change
_evals/reports/openrouter_structured_deepseek_digest_shadow_reasoning_none_2026-06-03_run3.md	unchanged	project-only	none	none	keep	preserve-project	-	-	aec2b5fcfe5284fc6fed47f1e70ae9195e3e5552	project-delta-outside-u-change
_evals/reports/openrouter_structured_output_probe_qwen_2026-06-03.json	unchanged	project-only	none	none	keep	preserve-project	-	-	236002eadb3c29339a8534d40bc876a76965f846	project-delta-outside-u-change
_evals/reports/openrouter_structured_output_probe_qwen_2026-06-03.md	unchanged	project-only	none	none	keep	preserve-project	-	-	cc8668c771580524fd98e54097ec58d0f5db8f29	project-delta-outside-u-change
_evals/reports/openrouter_structured_output_probe_qwen_2026-06-03_digest_A_keys.json	unchanged	project-only	none	none	keep	preserve-project	-	-	7bdc1695fe336dd6dfac611d78af360dfbb5980f	project-delta-outside-u-change
_evals/reports/openrouter_structured_output_probe_qwen_2026-06-03_digest_A_keys.md	unchanged	project-only	none	none	keep	preserve-project	-	-	c26fc35ac0994317029a37d7a4caf7cddd5c74dd	project-delta-outside-u-change
_evals/reports/openrouter_structured_output_probe_qwen_2026-06-03_max_tokens.json	unchanged	project-only	none	none	keep	preserve-project	-	-	deb613e33c808ceabd4f3bf5fda4b793c980715e	project-delta-outside-u-change
_evals/reports/openrouter_structured_output_probe_qwen_2026-06-03_max_tokens.md	unchanged	project-only	none	none	keep	preserve-project	-	-	7d8a3d16f66d412de624763789a412e2428435fc	project-delta-outside-u-change
_evals/reports/openrouter_structured_output_probe_qwen_2026-06-03_rerun.json	unchanged	project-only	none	none	keep	preserve-project	-	-	c9cca3c7e353e3808a446ce6c173ed2f0700395c	project-delta-outside-u-change
_evals/reports/openrouter_structured_output_probe_qwen_2026-06-03_rerun.md	unchanged	project-only	none	none	keep	preserve-project	-	-	1a581cc2d0782c51c66c0087d7edac3d1e4c5199	project-delta-outside-u-change
_evals/reports/openrouter_structured_qwen_digest_shadow_2026-06-03_run1.json	unchanged	project-only	none	none	keep	preserve-project	-	-	d7e8316ceefedb5e773c9ed4b965d4ad4986f2b3	project-delta-outside-u-change
_evals/reports/openrouter_structured_qwen_digest_shadow_2026-06-03_run1.md	unchanged	project-only	none	none	keep	preserve-project	-	-	b70e175950465d5f7caf4178c65dc7f240921467	project-delta-outside-u-change
_evals/reports/openrouter_structured_qwen_digest_shadow_2026-06-03_run2.json	unchanged	project-only	none	none	keep	preserve-project	-	-	c85986012e7261d60a0390c62549bd0a12a58f77	project-delta-outside-u-change
_evals/reports/openrouter_structured_qwen_digest_shadow_2026-06-03_run2.md	unchanged	project-only	none	none	keep	preserve-project	-	-	640aff64d198f6cdd682a4711af176f88c626014	project-delta-outside-u-change
_evals/reports/openrouter_structured_qwen_digest_shadow_max_tokens_2026-06-03_run1.json	unchanged	project-only	none	none	keep	preserve-project	-	-	45913bddd2cf8e96a78001ae1a4741b4aaf1481b	project-delta-outside-u-change
_evals/reports/openrouter_structured_qwen_digest_shadow_max_tokens_2026-06-03_run1.md	unchanged	project-only	none	none	keep	preserve-project	-	-	f8b0773da87f68b94cb41e7ce80d27acb974b515	project-delta-outside-u-change
_evals/reports/openrouter_structured_qwen_digest_shadow_related_concern_ids_prompt_hardening_2026-06-03_run1.json	unchanged	project-only	none	none	keep	preserve-project	-	-	3ed1fc637846d4bfad5250e8e391068de789bb42	project-delta-outside-u-change
_evals/reports/openrouter_structured_qwen_digest_shadow_related_concern_ids_prompt_hardening_2026-06-03_run1.md	unchanged	project-only	none	none	keep	preserve-project	-	-	55047652f1fc6739aa9ad0307d0a130e393042b0	project-delta-outside-u-change
_evals/reports/openrouter_structured_qwen_digest_shadow_related_concern_ids_prompt_hardening_2026-06-03_run2.json	unchanged	project-only	none	none	keep	preserve-project	-	-	dfa9e42b63934d7acebf4d86d8c922bc10639d30	project-delta-outside-u-change
_evals/reports/openrouter_structured_qwen_digest_shadow_related_concern_ids_prompt_hardening_2026-06-03_run2.md	unchanged	project-only	none	none	keep	preserve-project	-	-	3ebe393a6e47369f5d0a55de1ddecf561d160c42	project-delta-outside-u-change
_evals/reports/openrouter_structured_qwen_digest_shadow_related_concern_ids_prompt_hardening_2026-06-03_run3.json	unchanged	project-only	none	none	keep	preserve-project	-	-	0242b1ca390810e76330ed69e06d60cf720548ec	project-delta-outside-u-change
_evals/reports/openrouter_structured_qwen_digest_shadow_related_concern_ids_prompt_hardening_2026-06-03_run3.md	unchanged	project-only	none	none	keep	preserve-project	-	-	27dd385b8373dcc544590ccc1b006cffea57b489	project-delta-outside-u-change
_evals/reports/openrouter_structured_qwen_digest_shadow_validation_aggregate_2026-06-03_run1.json	unchanged	project-only	none	none	keep	preserve-project	-	-	d19516d9917b01a2a3201a55243bcd1669ff89b3	project-delta-outside-u-change
_evals/reports/openrouter_structured_qwen_digest_shadow_validation_aggregate_2026-06-03_run1.md	unchanged	project-only	none	none	keep	preserve-project	-	-	66042ce4b6037e19ded7c9eea02bf8c46c2bb196	project-delta-outside-u-change
_evals/reports/qwen_digest_shadow_evidence_2026-06-03_run1.json	unchanged	project-only	none	none	keep	preserve-project	-	-	01274cc9d050636921e24945ec91337c7aa64768	project-delta-outside-u-change
_evals/reports/qwen_digest_shadow_evidence_2026-06-03_run1.md	unchanged	project-only	none	none	keep	preserve-project	-	-	8c7675fbf4ee33e84c43f9c145062e6ff1478db9	project-delta-outside-u-change
_evals/reports/qwen_digest_shadow_evidence_2026-06-03_run2.json	unchanged	project-only	none	none	keep	preserve-project	-	-	5f50c88fd6d53772a63ab938ad76900f19b8eb14	project-delta-outside-u-change
_evals/reports/qwen_digest_shadow_evidence_2026-06-03_run2.md	unchanged	project-only	none	none	keep	preserve-project	-	-	5eb1858a35ad7f7c174d96785a09fe16e826cb0b	project-delta-outside-u-change
_evals/reports/qwen_digest_shadow_evidence_2026-06-03_run3.json	unchanged	project-only	none	none	keep	preserve-project	-	-	960759bd6be2f8027cc8032e71c584eb671dcfe4	project-delta-outside-u-change
_evals/reports/qwen_digest_shadow_evidence_2026-06-03_run3.md	unchanged	project-only	none	none	keep	preserve-project	-	-	6aba502f61d63a560adfc425ca4d6990f2c1aaba	project-delta-outside-u-change
_evals/scripts/evaluate_llm_digest_proposals.py	unchanged	project-only	none	none	keep	preserve-project	-	-	1d147abf2aa82acaaa00e03150ff23d3be75bb59	project-delta-outside-u-change
_evals/scripts/openrouter_structured_output_probe.py	unchanged	project-only	none	none	keep	preserve-project	-	-	c50a350f1d1caba519159274a8e3458c037e2ee4	project-delta-outside-u-change
_evals/scripts/run_live_digest_model_comparison.py	unchanged	project-only	none	none	keep	preserve-project	-	-	cbb9539a0687195469f9e25b17b402fd14bd45aa	project-delta-outside-u-change
_evals/scripts/verify_memory_ecology_poc.py	unchanged	project-only	none	none	keep	preserve-project	-	-	83df174866629b2d1d78693d7330085fb2b01766	project-delta-outside-u-change
_evals/validator-fixtures/README.md	modified	upstream-owned-unmodified	none	none	merge	project-fixture-contract	07a74a3497c8ddee33b2f1d408263cc967d2f2d6	5e98b7c5ce1906145badb51da6b2e1811b6b50b2	07a74a3497c8ddee33b2f1d408263cc967d2f2d6	merge-u-with-frontmatter-fixture-coverage
_evals/validator-fixtures/intent/invalid/missing-why.md	added	project-absent	schema-affected	none	apply	integrate-u	-	d94120a4fb9c0021ec270534037c62368606209c	-	u-distributed-no-project-customization
_evals/validator-fixtures/intent/invalid/orphan-invariant.md	added	project-absent	schema-affected	none	apply	integrate-u	-	ab04fc83b4cd30243efdeca696f922f5fa4f4630	-	u-distributed-no-project-customization
_evals/validator-fixtures/intent/valid/decision.md	added	project-absent	schema-affected	none	apply	integrate-u	-	40b499bb6986113f22707f2aee4060ce90866dcd	-	u-distributed-no-project-customization
_evals/validator-fixtures/links/valid-reference-anchor.md	added	project-absent	none	none	merge	project-quickstart-anchor	-	065637cadd68ff90bda4434579ab4a674307828b	-	merge-u-fixture-with-project-heading-number
_evals/validator-fixtures/qa/invalid/missing-invariant.md	modified	upstream-owned-unmodified	schema-affected	none	apply	integrate-u	a69cfb1bdbb08706f07af3cc8fde8235d14ef065	a94ea77746412ed02e49fed7b038ab760d0dabe7	a69cfb1bdbb08706f07af3cc8fde8235d14ef065	u-distributed-no-project-customization
_evals/validator-fixtures/qa/invalid/qa-archive-path.md	modified	upstream-owned-unmodified	schema-affected	none	apply	integrate-u	9731398bef0372cbf2e9b8097ef4f312d9477c3e	407cb6d2d7b23dc95404e605114a73898d76b01d	9731398bef0372cbf2e9b8097ef4f312d9477c3e	u-distributed-no-project-customization
_evals/validator-fixtures/qa/invalid/status-verdict-mismatch.md	modified	upstream-owned-unmodified	schema-affected	none	apply	integrate-u	941a26690966de6f33e4fc1a5fd8858e00c3316c	4adebcee7ebec0130f374750fa557a522256540c	941a26690966de6f33e4fc1a5fd8858e00c3316c	u-distributed-no-project-customization
_evals/validator-fixtures/qa/invalid/v2-missing-decision-scope.md	added	project-absent	schema-affected	none	apply	integrate-u	-	8b7c3b9eed439e56aa930da44fc2a5db51292405	-	u-distributed-no-project-customization
_evals/validator-fixtures/qa/invalid/verification-in-progress-status.md	modified	upstream-owned-unmodified	schema-affected	none	apply	integrate-u	10fbd5d5449bfa7905be7a9123b7d83f658ecbbf	4fd5c78a401e76e36f5a3574ed9d2fadceb44970	10fbd5d5449bfa7905be7a9123b7d83f658ecbbf	u-distributed-no-project-customization
_evals/validator-fixtures/qa/invalid/verification-missing-test-plan-reference.md	modified	upstream-owned-unmodified	schema-affected	none	apply	integrate-u	aac69dee0169134ec17466dd7abc28ab79fa290e	8f8c841cade6f6cf51481544ca3b8458e966e339	aac69dee0169134ec17466dd7abc28ab79fa290e	u-distributed-no-project-customization
_evals/validator-fixtures/qa/valid/test-plan.md	modified	upstream-owned-unmodified	schema-affected	none	apply	integrate-u	8e7b9e37f6e24d4f9fb3f46b85833c4ee45c3748	e0e861d31647afcc413f5a8afb9e17f1b92afceb	8e7b9e37f6e24d4f9fb3f46b85833c4ee45c3748	u-distributed-no-project-customization
_evals/validator-fixtures/qa/valid/verification-pass.md	modified	upstream-owned-unmodified	schema-affected	none	apply	integrate-u	23f7d6da92551e651a3108a8d43a75527d474db3	2a62b23fa2bbb7c09c734678d36512077ddd98d2	23f7d6da92551e651a3108a8d43a75527d474db3	u-distributed-no-project-customization
agent_workspace/exports/.gitkeep	unchanged	project-only	none	none	keep	preserve-project	-	-	2560e27cb82d5213d02cbba908f4542db3a5885c	project-delta-outside-u-change
agent_workspace/notes/.gitkeep	unchanged	project-only	none	none	keep	preserve-project	-	-	e4dc17dadb30c0f93144a9c8103065eed07f405d	project-delta-outside-u-change
agent_workspace/scratch/.gitkeep	unchanged	project-only	none	none	keep	preserve-project	-	-	8f368136414335052ea6f41773e86cff99319801	project-delta-outside-u-change
app/__init__.py	unchanged	project-only	none	none	keep	preserve-project	-	-	b1e796e8131c3ed7f0b1902e60a1d3e565a12751	project-delta-outside-u-change
app/adapters/__init__.py	unchanged	project-only	none	none	keep	preserve-project	-	-	f72e2188a5dd6577a5647f9c054ab8e3c9a8153e	project-delta-outside-u-change
app/adapters/clock.py	unchanged	project-only	none	none	keep	preserve-project	-	-	498cd345a0a80343cdf1d618d22f87f2ccc78661	project-delta-outside-u-change
app/adapters/discord_bot.py	unchanged	project-only	none	none	keep	preserve-project	-	-	0dea5958e68f73bf34ec21f006a635a6c82222d7	project-delta-outside-u-change
app/adapters/discord_config.py	unchanged	project-only	none	none	keep	preserve-project	-	-	38923986e06f8c5db97bfe9a397a7ddc133363ad	project-delta-outside-u-change
app/adapters/discord_renderers.py	unchanged	project-only	none	none	keep	preserve-project	-	-	5fdb1ae378ae6187c9cc5fe87f591863132d6f7d	project-delta-outside-u-change
app/adapters/llm.py	unchanged	project-only	none	none	keep	preserve-project	-	-	d26fc523bc05d1bd4629186db2476838925596f6	project-delta-outside-u-change
app/adapters/local_files.py	unchanged	project-only	none	none	keep	preserve-project	-	-	e83f77403357200be91db5daea2877abe4399e42	project-delta-outside-u-change
app/adapters/web_search.py	unchanged	project-only	none	none	keep	preserve-project	-	-	0120b480e7de92fe370b5a8d000349b83c75ab61	project-delta-outside-u-change
app/cli/__init__.py	unchanged	project-only	none	none	keep	preserve-project	-	-	a3ba1f69ba5376beb4147de80bb7902f860ed41f	project-delta-outside-u-change
app/cli/commands.py	unchanged	project-only	none	none	keep	preserve-project	-	-	fa737b43decca5f3354091252709e51ebad440f8	project-delta-outside-u-change
app/cognition/__init__.py	unchanged	project-only	none	none	keep	preserve-project	-	-	01fb7566bc931e2ae054fd59ab54d4934a9b07a7	project-delta-outside-u-change
app/cognition/action_planner.py	unchanged	project-only	none	none	keep	preserve-project	-	-	36ea6909fe49680f50e8efa96bf3297d5d64cb41	project-delta-outside-u-change
app/cognition/attention_policy.py	unchanged	project-only	none	none	keep	preserve-project	-	-	aa8abe9ec6fb39f20e65aebe055f137149063494	project-delta-outside-u-change
app/cognition/concern_manager.py	unchanged	project-only	none	none	keep	preserve-project	-	-	e11e8b5a03c83cd7a90d72e937c58bf521d3f320	project-delta-outside-u-change
app/cognition/context_builder.py	unchanged	project-only	none	none	keep	preserve-project	-	-	ee10840b08361c2ce84b05ef59eb85bcbbcd28b4	project-delta-outside-u-change
app/cognition/digest_decider.py	unchanged	project-only	none	none	keep	preserve-project	-	-	fa549d7a2f88d31a9f4898441c05d50a98886fa1	project-delta-outside-u-change
app/cognition/digestor.py	unchanged	project-only	none	none	keep	preserve-project	-	-	ecdd1909edde088a71fa7690fb3c69c8217c4618	project-delta-outside-u-change
app/cognition/memory_manager.py	unchanged	project-only	none	none	keep	preserve-project	-	-	9cc7780ebc68923e6aa8de8129ee6ae3d54a100c	project-delta-outside-u-change
app/cognition/observation_extractor.py	unchanged	project-only	none	none	keep	preserve-project	-	-	5f8cf796a9504197d45065518005227c43436b6a	project-delta-outside-u-change
app/cognition/probe_planner.py	unchanged	project-only	none	none	keep	preserve-project	-	-	2a1c3d47c0ad90c1383c136544461e689cd11398	project-delta-outside-u-change
app/cognition/self_model.py	unchanged	project-only	none	none	keep	preserve-project	-	-	f259d9adb1b80ac0ebc3bc955778c9fbc64c0b2e	project-delta-outside-u-change
app/commands/__init__.py	unchanged	project-only	none	none	keep	preserve-project	-	-	12566631a0684652d1d16fe10558b3f6abbea393	project-delta-outside-u-change
app/commands/discord_commands.py	unchanged	project-only	none	none	keep	preserve-project	-	-	4e5175699a78cfc387a1b619fa094ea4c37ebeb8	project-delta-outside-u-change
app/config.py	unchanged	project-only	none	none	keep	preserve-project	-	-	774344ec1f292e733de9c0c033a7e98bc3b410ad	project-delta-outside-u-change
app/db/__init__.py	unchanged	project-only	none	none	keep	preserve-project	-	-	e072a484994b1f846700b51c52f6746a609c9799	project-delta-outside-u-change
app/db/init_db.py	unchanged	project-only	none	none	keep	preserve-project	-	-	a2a5d309f35453e4be6e6663188be5f826c9f444	project-delta-outside-u-change
app/db/json_utils.py	unchanged	project-only	none	none	keep	preserve-project	-	-	7b07710d4ed0c96f374496ee0de7719cc4f2fc39	project-delta-outside-u-change
app/db/models.py	unchanged	project-only	none	none	keep	preserve-project	-	-	44bbe1ece3321a5ded8e56b8fcfd6b6b28e23d29	project-delta-outside-u-change
app/db/session.py	unchanged	project-only	none	none	keep	preserve-project	-	-	8c748aa68fac0bc094bbef0b5b254212c2d7f181	project-delta-outside-u-change
app/eval/__init__.py	unchanged	project-only	none	none	keep	preserve-project	-	-	b7c66551ca92ba12add200129bc2f11a0c066e80	project-delta-outside-u-change
app/eval/ablation.py	unchanged	project-only	none	none	keep	preserve-project	-	-	f1ee41cc0f5266c85fd99d9d3e09c657d6a88118	project-delta-outside-u-change
app/eval/replay.py	unchanged	project-only	none	none	keep	preserve-project	-	-	35318b38edd9a2a4366e49ef3d7d9712b1ef1595	project-delta-outside-u-change
app/main.py	unchanged	project-only	none	none	keep	preserve-project	-	-	ea4733659b9f64008d46a5b7d762aee7698b5247	project-delta-outside-u-change
app/prompts/attention_policy_update.md	unchanged	project-only	none	none	keep	preserve-project	-	-	2e00b4e891a66b5732a549fbab3d0c635aaec261	project-delta-outside-u-change
app/prompts/concern_update.md	unchanged	project-only	none	none	keep	preserve-project	-	-	5d3bf22e7b962501c349f0db3364621e6cc3ed54	project-delta-outside-u-change
app/prompts/digest_decision_llm.md	unchanged	project-only	none	none	keep	preserve-project	-	-	69dd4dafea7ced6faea817901f0e11d7022195cf	project-delta-outside-u-change
app/prompts/observation_extraction_llm.md	unchanged	project-only	none	none	keep	preserve-project	-	-	26262c5a1f83c44e1b6d0791bdc81dc4537e6aab	project-delta-outside-u-change
app/prompts/observation_extractor.md	unchanged	project-only	none	none	keep	preserve-project	-	-	4382d41e1b97c17cba73b7db9710d18da0939511	project-delta-outside-u-change
app/prompts/probe_planner.md	unchanged	project-only	none	none	keep	preserve-project	-	-	f2d764ee56cc9a0d26f2c8d96366e0c791165f59	project-delta-outside-u-change
app/prompts/reflection.md	unchanged	project-only	none	none	keep	preserve-project	-	-	04c635b4df59d49f953a52eb445f7aa36c7fb5dd	project-delta-outside-u-change
app/prompts/replay_eval.md	unchanged	project-only	none	none	keep	preserve-project	-	-	0e20516a6031473d131ab00c67a5eecd096c407c	project-delta-outside-u-change
app/prompts/response_selection.md	unchanged	project-only	none	none	keep	preserve-project	-	-	02fa21539bdabbdcb7d665e2588f2c37e0011c05	project-delta-outside-u-change
app/runtime/__init__.py	unchanged	project-only	none	none	keep	preserve-project	-	-	a4aa4fd1440cd4aaa7734dec4cb2faed9ef62aba	project-delta-outside-u-change
app/runtime/chat_cycle.py	unchanged	project-only	none	none	keep	preserve-project	-	-	ebaa6d52f4e9144e2150f8c0e1eb84372520ed46	project-delta-outside-u-change
app/runtime/discord_controller.py	unchanged	project-only	none	none	keep	preserve-project	-	-	8cca9343ed45476ef4929c8ae2bb7868e8856faa	project-delta-outside-u-change
app/runtime/events.py	unchanged	project-only	none	none	keep	preserve-project	-	-	6d51b7087f452bbcb3ae4395802c18668b755ef8	project-delta-outside-u-change
app/runtime/llm_smoke.py	unchanged	project-only	none	none	keep	preserve-project	-	-	af788a187a6228cbdd5921c4a8dca154dc949a41	project-delta-outside-u-change
app/runtime/modes.py	unchanged	project-only	none	none	keep	preserve-project	-	-	ac6a8631ac32b7a33564131ef5bddef6055ae9f6	project-delta-outside-u-change
app/runtime/reflection_cycle.py	unchanged	project-only	none	none	keep	preserve-project	-	-	61497a304cbfabb5f8dbe1fb88f0cc3679d07e1f	project-delta-outside-u-change
app/runtime/review_cycle.py	unchanged	project-only	none	none	keep	preserve-project	-	-	b098611df99d1843cd73bcff63520aecf9f2b63d	project-delta-outside-u-change
app/runtime/scheduler.py	unchanged	project-only	none	none	keep	preserve-project	-	-	5f7c0d7b5e900dddaaa11f9d5dddca669fe8637b	project-delta-outside-u-change
app/runtime/wake_cycle.py	unchanged	project-only	none	none	keep	preserve-project	-	-	3979d1ce3e69ad1500c27209b0ee53c73d8e336b	project-delta-outside-u-change
app/schemas.py	unchanged	project-only	none	none	keep	preserve-project	-	-	18a7c8f978ff9a70b1fa596ded657b277e0d8aca	project-delta-outside-u-change
data/.gitkeep	unchanged	project-only	none	none	keep	preserve-project	-	-	1334b9a0170d05c99506ee61515f687321b2bce8	project-delta-outside-u-change
docs-template.lock.example.json	added	project-absent	none	none	apply	integrate-u	-	ae6cf3da79d56fe83d1ba796387b8490ae703260	-	u-distributed-no-project-customization
pyproject.toml	unchanged	project-only	none	none	keep	preserve-project	-	-	c989e04b41af47101c2d412d242775bcd39165df	project-delta-outside-u-change
scripts/agent-workflow-hook.mjs	added	project-absent	none	none	apply	integrate-u	-	0e7bfd1a2a61a93b40e04c296f61ccb869bf6ee3	-	u-distributed-no-project-customization
scripts/check-docs.sh	modified	upstream-owned-unmodified	none	none	apply	integrate-u	a69785f59016adb77e2ea4c02a67a8141985d4d9	52116a16b708bf86fa826847b8c530a72aa3bbb8	a69785f59016adb77e2ea4c02a67a8141985d4d9	u-distributed-no-project-customization
scripts/scope.mjs	added	project-absent	none	none	apply	integrate-u	-	c64f1cf3b51ba3b25530f9477f0c78b3ff6a85b5	-	u-distributed-no-project-customization
scripts/test-agent-workflow-hook.mjs	added	project-absent	none	none	merge	hook-compatible-self-test	-	c6637f40907836b9ee96709dee1e76464d0f9cc6	-	semantically-equivalent-literal-split-to-pass-installed-pretool-guard
scripts/test-agent-workflow-smoke.mjs	added	project-absent	none	none	apply	integrate-u	-	0ffff1e4df1b63ea6d9ef6285bcd649679d7afa9	-	u-distributed-no-project-customization
scripts/test-validators.mjs	modified	upstream-owned-unmodified	none	none	merge	project-frontmatter-fixtures	d3455928a66d8b40fe0bcf920babf7ce180bb28f	e44eed293c68c2043ff67acbb989f54e28b0bbff	d3455928a66d8b40fe0bcf920babf7ce180bb28f	merge-u-runner-with-type-specific-marker-and-duplicate-fixtures
scripts/validate-doc-links.mjs	modified	upstream-owned-unmodified	none	none	merge	project-quarantine-exclusion	8ab7db8a2e3a508e20649915e3f215c646a96f1e	2d083c64cee09873b9787e89d1bfef2ab2ead203	8ab7db8a2e3a508e20649915e3f215c646a96f1e	merge-u-validator-with-explicit-non-operational-quarantine-boundary
scripts/validate-frontmatter.mjs	modified	upstream-owned-unmodified	schema-affected	none	merge	project-schema-marker-hardening	3a745568654299d68ecf5e1b49748287ffb19ef1	1f4073e3f9e968dbd1b4d247449753786b88eff2	3a745568654299d68ecf5e1b49748287ffb19ef1	merge-u-validator-with-type-specific-marker-and-duplicate-key-rejection
scripts/validate-intent.mjs	added	project-absent	schema-affected	none	apply	integrate-u	-	59dbca417f70bba877863dfc902bbb59c14463b8	-	u-distributed-no-project-customization
scripts/validate-qa.mjs	modified	upstream-owned-unmodified	schema-affected	none	apply	integrate-u	d1c8fccac00b220915f7dea9eb3b8644ebdbf410	a5388413008ae83e28d2850c5b71074711dcef7e	d1c8fccac00b220915f7dea9eb3b8644ebdbf410	u-distributed-no-project-customization
temp.md	unchanged	project-only	none	none	keep	preserve-project	-	-	ccee149bb35fc8ef67d3bf0699d32eee6b1db4a6	project-delta-outside-u-change
tests/conftest.py	unchanged	project-only	none	none	keep	preserve-project	-	-	e5295c0eabfcf759ff9c2de382bbf2880e27c237	project-delta-outside-u-change
tests/test_chat_replay_context.py	unchanged	project-only	none	none	keep	preserve-project	-	-	5e8d5a95f8899b64258fd67c3e7c40523dfb7ba1	project-delta-outside-u-change
tests/test_closed_loop_hardening.py	unchanged	project-only	none	none	keep	preserve-project	-	-	53429405d844d39791a30520a140f702067fe186	project-delta-outside-u-change
tests/test_db_seed.py	unchanged	project-only	none	none	keep	preserve-project	-	-	b0d56a53cb5877d70ac34dbb206946d7e253d801	project-delta-outside-u-change
tests/test_digest_decider.py	unchanged	project-only	none	none	keep	preserve-project	-	-	61280c23986ee4fd35cb0045c660686200b7a873	project-delta-outside-u-change
tests/test_discord_integration.py	unchanged	project-only	none	none	keep	preserve-project	-	-	55c9986943da2764f3f3db8b4ff917ee618165e1	project-delta-outside-u-change
tests/test_live_digest_runner.py	unchanged	project-only	none	none	keep	preserve-project	-	-	63639c2825a3c5735046b48cb55da8840670d8c8	project-delta-outside-u-change
tests/test_llm.py	unchanged	project-only	none	none	keep	preserve-project	-	-	e25f3fe5fbff92bfd3527d8f1995afcd555ccc46	project-delta-outside-u-change
tests/test_llm_smoke.py	unchanged	project-only	none	none	keep	preserve-project	-	-	e4f82f5c09592f4ad58f47d70c268fcfea65dd3b	project-delta-outside-u-change
tests/test_local_files.py	unchanged	project-only	none	none	keep	preserve-project	-	-	71a22a2d062218934fd1481a6d2a9b224dc6d03c	project-delta-outside-u-change
tests/test_observation_extractor.py	unchanged	project-only	none	none	keep	preserve-project	-	-	8d3a66951b7709865882f831969f0384c9eba622	project-delta-outside-u-change
tests/test_openrouter_structured_output_probe.py	unchanged	project-only	none	none	keep	preserve-project	-	-	7671f5ee5548ce3990bb6d09d3a79cba8f96b1fd	project-delta-outside-u-change
tests/test_wake_cycle.py	unchanged	project-only	none	none	keep	preserve-project	-	-	35120b6744a36dbb6dd082aa3fb4a923e7735da6	project-delta-outside-u-change
uv.lock	unchanged	project-only	none	none	keep	preserve-project	-	-	0bdd6e9cea1b091526a724239d1b61e328700127	project-delta-outside-u-change
world/articles/.gitkeep	unchanged	project-only	none	none	keep	preserve-project	-	-	97ccb75ceb54a27fc7309f97461135cfe8eded8b	project-delta-outside-u-change
world/inbox/.gitkeep	unchanged	project-only	none	none	keep	preserve-project	-	-	5ac75484caa01aa18bcd4e8bddd3c4f9ef7ceea2	project-delta-outside-u-change
world/inbox/2026-04-22.md	unchanged	project-only	none	none	keep	preserve-project	-	-	237e23399c1a5b7a81cc7eb3ab16e3b953d94927	project-delta-outside-u-change
world/inbox/2026-05-10.md	unchanged	project-only	none	none	keep	preserve-project	-	-	ced6ac5ddfb4e3c9e6b175193fe99be61eca65a4	project-delta-outside-u-change
world/inbox/2026-05-16.md	unchanged	project-only	none	none	keep	preserve-project	-	-	f48065276bc32f63b1e5537ce24875cdc81ed762	project-delta-outside-u-change
world/logs/.gitkeep	unchanged	project-only	none	none	keep	preserve-project	-	-	83ac834364ffbb88bf6ad6b3c0d779d75abff7e6	project-delta-outside-u-change
world/logs/user-correction.txt	unchanged	project-only	none	none	keep	preserve-project	-	-	ac62892f87f587da51769b6235f693431e89e0ca	project-delta-outside-u-change
world/notes/.gitkeep	unchanged	project-only	none	none	keep	preserve-project	-	-	5ded9072d36e0c71b174181ab623d0df40d2a7af	project-delta-outside-u-change
world/notes/memory-loop.md	unchanged	project-only	none	none	keep	preserve-project	-	-	428a5e220c99ea65e3f70406c5c407ae7eeece97	project-delta-outside-u-change
world/projects/.gitkeep	unchanged	project-only	none	none	keep	preserve-project	-	-	d27d1955fc281fc3ab44f58a58a9caf0f4207f25	project-delta-outside-u-change
world/projects/poc-risks.md	unchanged	project-only	none	none	keep	preserve-project	-	-	403192f50404f9360147837cd5c25fa4a9925a43	project-delta-outside-u-change
